uniqueid,Correct Value
105,13
125,2
138,1
199,34
2,3
205,30
286,43
298,22
348,3
367,141
42,5
448,22
467,2
471,3
529,61
535,25
610,16
65,32
66,3
691,25
711,2
713,3
713,2
72,2
777,21
793,4
796,5
797,3
852,43
852,45
917,1
919,5
920,3
920,2
933,193
974,88
999,2
999,3
999,2
999,3
999,4
999,4
999,4
999,2
